case,tier,mode,mu,tight,returncode,wall_seconds,profile_consistent_ic_calls,profile_consistent_ic_seconds,profile_ida_solve_calls,profile_ida_solve_seconds,profile_residual_calls,profile_residual_seconds,profile_residual_input_seconds,profile_residual_model_seconds,profile_residual_output_seconds,profile_jacobian_calls,profile_jacobian_seconds,profile_jacobian_input_seconds,profile_jacobian_model_seconds,profile_jacobian_structure_seconds,profile_jacobian_values_seconds,profile_linear_setup_calls,profile_linear_setup_seconds,profile_linear_solve_calls,profile_linear_solve_seconds,profile_state_update_calls,profile_state_update_seconds,profile_monitor_print_calls,profile_monitor_print_seconds,states,steps,residual_evals,linear_solver_setups,error_test_failures,nonlinear_iterations,nonlinear_convergence_failures,jacobian_evals,segment_count,accepted_steps,h_min,h_max,h_geomean,lte_wrms_mean,lte_wrms_max,order_mean,ref_model_wrms,ref_model_max,ref_self_wrms,ref_self_max
TwoBusTgov1,dense,smooth,1.0,False,0,0.0166089020203799,3.0,0.000108,0.0,0.0,636.0,0.000474,2.6e-05,0.000387,1.5e-05,65.0,0.000112,2e-06,9.6e-05,2e-06,1e-06,65.0,8e-05,636.0,8.1e-05,2400.0,9e-05,2400.0,0.000668,13,519,621,59,4,621,0,59,3,519,5.877189590239874e-09,0.31733333333333297,0.006466381743120278,0.12661705030468842,0.922339773943042,4.200385356454721,0.00021941566032798862,0.0005096844363059753,5.844989068934256e-07,8.402781090853706e-06
TwoBusTgov1,dense,smooth,1.0,True,0,0.03334726899629459,3.0,9.6e-05,0.0,0.0,2537.0,0.001607,9.8e-05,0.00128,5.4e-05,106.0,0.000189,4e-06,0.000165,3e-06,3e-06,106.0,8.4e-05,2537.0,0.000273,2400.0,9.4e-05,2400.0,0.000701,13,2223,2519,100,8,2519,0,100,3,2223,5.87710877914082e-13,0.03004282279061041,0.0022185003260703196,0.13453475100695556,0.9541177880321602,4.721547458389564,,,,
TwoBusTgov1,dense,smooth,3.1622776601683795,False,0,0.013984245015308261,3.0,9.2e-05,0.0,0.0,646.0,0.000415,2.5e-05,0.000332,1.4e-05,67.0,0.000108,2e-06,9.3e-05,2e-06,1e-06,67.0,6.9e-05,646.0,7.2e-05,2400.0,8.9e-05,2400.0,0.000597,13,520,631,61,5,631,0,61,3,520,5.877970889950933e-09,0.31733333333333297,0.006471593171787645,0.12771386249998476,0.9168429556584553,4.125,0.00015525700190579007,0.0003864940370229193,5.862632165905873e-07,8.360407594077997e-06
TwoBusTgov1,dense,smooth,3.1622776601683795,True,0,0.0361201879568398,3.0,9.5e-05,0.0,0.0,2498.0,0.001622,9.5e-05,0.0013,5.4e-05,107.0,0.000173,4e-06,0.00015,3e-06,2e-06,107.0,8.6e-05,2498.0,0.000273,2400.0,9.5e-05,2400.0,0.000653,13,2182,2480,101,11,2480,0,101,3,2182,5.877890037243419e-13,0.03004285632669275,0.0021695145474439465,0.13896362507248103,0.9770511203442778,4.752520623281393,,,,
TwoBusTgov1,dense,smooth,10.0,False,0,0.013579543970990926,3.0,9.5e-05,0.0,0.0,671.0,0.000448,2.7e-05,0.000361,1.5e-05,66.0,0.000118,2e-06,9.8e-05,2e-06,1e-06,66.0,7e-05,671.0,8.8e-05,2400.0,8.7e-05,2400.0,0.000609,13,532,656,60,4,656,0,60,3,532,5.87960590379629e-09,0.31733333333333297,0.0063911235177381434,0.15137672091633145,0.9542226350110208,4.12593984962406,4.099254708588835e-05,0.0001967420417790819,6.240926115937071e-07,8.33865495847937e-06
TwoBusTgov1,dense,smooth,10.0,True,0,0.036474093969445676,3.0,9.1e-05,0.0,0.0,2737.0,0.001994,0.000114,0.001595,6.4e-05,114.0,0.000224,5e-06,0.000198,4e-06,2e-06,114.0,0.000129,2737.0,0.000341,2400.0,0.000138,2400.0,0.000799,13,2324,2719,108,11,2719,0,108,3,2324,5.879524967495254e-13,0.030042813769729303,0.002050854097615402,0.16151168340209224,0.9345046078828041,4.679432013769363,,,,
TwoBusTgov1,dense,smooth,31.622776601683793,False,0,0.015472903032787144,3.0,9.4e-05,0.0,0.0,900.0,0.000584,3.5e-05,0.000468,1.9e-05,62.0,0.000106,2e-06,9.2e-05,2e-06,1e-06,62.0,6.6e-05,900.0,9.9e-05,2400.0,9.1e-05,2400.0,0.000608,13,695,885,56,1,885,0,56,3,695,5.8808922158533096e-09,0.31733333333333297,0.005824424299735478,0.18819936542959317,0.9175500563274563,3.4273381294964027,2.6624783137158276e-05,0.00014687217474026348,1.2598929490978903e-06,1.1360106599739149e-05
TwoBusTgov1,dense,smooth,31.622776601683793,True,0,0.03459581499919295,3.0,8.6e-05,0.0,0.0,2483.0,0.001631,9.3e-05,0.001312,5.3e-05,108.0,0.000175,4e-06,0.000153,3e-06,2e-06,108.0,7.9e-05,2483.0,0.000269,2400.0,9.3e-05,2400.0,0.00063,13,2203,2465,102,10,2465,0,102,3,2203,5.880811119930219e-13,0.03004286243663049,0.0021878257546086204,0.1189452933443005,0.9253260810731322,4.785746709033137,,,,
TwoBusTgov1,dense,smooth,100.0,False,0,0.013033190974965692,3.0,9.6e-05,0.0,0.0,637.0,0.000419,2.4e-05,0.000323,1.4e-05,63.0,0.0001,3e-06,8.6e-05,2e-06,1e-06,63.0,6.8e-05,637.0,7.1e-05,2400.0,8.7e-05,2400.0,0.000598,13,511,622,57,1,622,0,57,3,511,5.88117232773349e-09,0.31733333333333297,0.006458842419186856,0.14465236981861118,0.8334509567483017,4.217221135029354,3.134965668419541e-05,0.00015460750046777683,4.717459139552434e-07,4.24984221315574e-06
TwoBusTgov1,dense,smooth,100.0,True,0,0.034723377029877156,3.0,0.000113,0.0,0.0,2580.0,0.001621,9.7e-05,0.001293,5.4e-05,109.0,0.000171,4e-06,0.000147,3e-06,2e-06,109.0,9.4e-05,2580.0,0.000287,2400.0,9.2e-05,2400.0,0.000683,13,2249,2562,103,11,2562,0,103,3,2249,5.881091143057831e-13,0.030042854100473734,0.0020074202079150482,0.1471312087653205,0.9686944423875143,4.706980880391285,,,,
TwoBusTgov1,dense,smooth,316.22776601683796,False,0,0.016337321023456752,3.0,0.000109,0.0,0.0,881.0,0.000606,3.3e-05,0.000493,1.9e-05,65.0,0.000101,3e-06,8.6e-05,2e-06,1e-06,65.0,6.9e-05,881.0,0.000108,2400.0,8.7e-05,2400.0,0.000595,13,673,866,59,4,866,0,59,3,673,5.881205357669148e-09,0.31733333333333297,0.006247877939514494,0.17339286012783767,0.9952438635961587,3.537890044576523,3.3425062077915914e-05,0.00010283683582378028,4.6736514150060567e-07,4.357247657360468e-06
TwoBusTgov1,dense,smooth,316.22776601683796,True,0,0.0360059590311721,3.0,9.2e-05,0.0,0.0,2789.0,0.001747,0.000105,0.001381,5.9e-05,121.0,0.000186,5e-06,0.000161,3e-06,2e-06,121.0,9.2e-05,2789.0,0.000298,2400.0,9.3e-05,2400.0,0.000632,13,2413,2771,115,20,2771,0,115,3,2413,5.881124345633734e-13,0.030042908115276823,0.0019327515126323215,0.14779828883436263,0.9588739703547094,4.682138416908413,,,,
TwoBusTgov1,dense,smooth,1000.0,False,0,0.014725707995239645,3.0,0.000121,0.0,0.0,709.0,0.000615,3e-05,0.000516,1.7e-05,65.0,0.000127,3e-06,0.00011,2e-06,2e-06,65.0,8.3e-05,709.0,0.000144,2400.0,9e-05,2400.0,0.000674,13,555,694,59,7,694,0,59,3,555,5.881208816470779e-09,0.31733333333333297,0.006141269538640415,0.16513120132866518,0.9614288668477188,3.9657657657657657,2.2996004289389642e-05,6.609205265731211e-05,7.650910875926987e-07,1.4421572957746932e-05
TwoBusTgov1,dense,smooth,1000.0,True,0,0.03664191602729261,3.0,9.4e-05,0.0,0.0,2953.0,0.001852,0.000112,0.001474,6.2e-05,137.0,0.000208,5e-06,0.00018,4e-06,3e-06,137.0,9.2e-05,2953.0,0.000321,2400.0,9.3e-05,2400.0,0.000622,13,2490,2935,131,40,2935,0,131,3,2490,5.88112781526575e-13,0.030042831224982355,0.0017558886530722104,0.16211877720651388,0.9809502595366492,4.655421686746988,,,,
TwoBusTgov1,dense,smooth,3162.2776601683795,False,0,0.013565413013566285,3.0,8.8e-05,0.0,0.0,778.0,0.000508,3e-05,0.000407,1.7e-05,72.0,0.000109,3e-06,9.3e-05,2e-06,1e-06,72.0,6.9e-05,778.0,8.6e-05,2400.0,8.9e-05,2400.0,0.000593,13,590,763,66,8,763,3,66,3,590,5.8812091483233425e-09,0.31733333333333297,0.00582598585284285,0.1626133218918247,0.9744522838281215,3.9440677966101694,1.2471962578412353e-05,2.7895331129574735e-05,4.871317943980828e-07,5.1740821338064165e-06
TwoBusTgov1,dense,smooth,3162.2776601683795,True,0,0.04310366598656401,3.0,9.7e-05,0.0,0.0,3321.0,0.002104,0.000139,0.001665,7e-05,180.0,0.000269,7e-06,0.000234,5e-06,3e-06,180.0,0.000115,3321.0,0.000356,2400.0,9.2e-05,2400.0,0.000657,13,2700,3303,174,62,3303,0,174,3,2700,5.881128179856688e-13,0.030042824995642512,0.001613822272690651,0.15884806093141013,0.9965950906076828,4.659259259259259,,,,
TwoBusTgov1,dense,smooth,10000.0,False,0,0.014231153996661305,3.0,8.8e-05,0.0,0.0,820.0,0.000508,3.1e-05,0.000403,1.8e-05,77.0,0.000117,3e-06,0.000101,2e-06,1e-06,77.0,7e-05,820.0,9e-05,2400.0,9e-05,2400.0,0.000585,13,601,805,71,7,805,7,71,3,601,5.881209192142104e-09,0.31733333333333297,0.005883325936546925,0.17806813194989088,0.9678157773466112,3.8569051580698837,5.604409631421604e-06,1.2553733699011368e-05,4.3020980840410717e-07,5.726158983971296e-06
TwoBusTgov1,dense,smooth,10000.0,True,0,0.0433419169858098,3.0,0.000267,0.0,0.0,3439.0,0.002556,0.00015,0.002087,8e-05,229.0,0.000739,1e-05,0.000688,8e-06,5e-06,229.0,0.000179,3439.0,0.000602,2400.0,0.000116,2400.0,0.000921,13,2692,3421,223,83,3421,0,223,3,2692,5.881128201269035e-13,0.0300428110880686,0.0015971313680495172,0.17306782058711387,0.9994903786894221,4.6236998514115895,,,,
TwoBusTgov1,dense,piecewise,10000.0,False,0,0.01588458102196455,3.0,8.8e-05,0.0,0.0,988.0,0.000597,3.9e-05,0.000461,2.8e-05,113.0,0.000148,4e-06,0.000124,3e-06,2e-06,113.0,8.5e-05,988.0,0.000109,2400.0,8.8e-05,2400.0,0.000609,13,677,973,107,10,973,23,107,3,677,5.881209200295773e-09,0.31733333333333297,0.005338046782546657,0.16779661478030314,0.8294981451743385,3.51698670605613,6.411859301327991e-06,2.422833813932152e-05,6.411859301327991e-06,2.422833813932152e-05
TwoBusTgov1,dense,piecewise,10000.0,True,0,0.048627979995217174,3.0,0.0001,0.0,0.0,4053.0,0.002811,0.000204,0.002209,9e-05,340.0,0.000508,1.5e-05,0.000437,1e-05,7e-06,340.0,0.000186,4053.0,0.001283,2400.0,0.000105,2400.0,0.000774,13,3054,4035,334,136,4035,4,334,3,3054,5.881128214939431e-13,0.030042828037802335,0.0012835364418654614,0.1795085152640509,0.9907907429343945,4.35592665356909,,,,
TwoBusGensal,dense,smooth,1.0,False,0,0.021111454989295453,3.0,0.000126,0.0,0.0,1307.0,0.000939,5.4e-05,0.000764,3e-05,107.0,0.00017,4e-06,0.000147,3e-06,2e-06,107.0,0.000134,1307.0,0.000258,7200.0,0.000288,7200.0,0.002926,34,874,1285,101,27,1285,12,101,3,874,7.549670186552694e-10,0.43437024637790184,0.004964514834139956,0.21292327009613074,0.9808818656432297,3.336384439359268,0.1391617809919682,0.7264205661524455,7.1983998581306986e-06,0.00012198531782745899
TwoBusGensal,dense,smooth,1.0,True,0,0.050634804007131606,3.0,0.000216,0.0,0.0,3898.0,0.002784,0.00017,0.002257,8.7e-05,195.0,0.000309,8e-06,0.000267,6e-06,5e-06,195.0,0.000268,3898.0,0.000725,7200.0,0.000284,7200.0,0.003164,34,3094,3874,189,51,3874,1,189,3,3094,7.549670182314984e-14,0.1421583747338689,0.001263470586585646,0.19679687615091962,0.9949989848101595,4.6076276664511955,,,,
TwoBusGensal,dense,smooth,3.1622776601683795,False,0,0.024614598019979894,3.0,0.000136,0.0,0.0,1167.0,0.000839,4.8e-05,0.000684,2.7e-05,101.0,0.000159,4e-06,0.000137,3e-06,2e-06,101.0,0.000134,1167.0,0.000219,7200.0,0.00028,7200.0,0.002985,34,816,1145,95,15,1145,13,95,3,816,7.549670186548173e-10,0.6546726616406588,0.003806401953902126,0.17937686429694136,0.9933764681200998,3.6924019607843137,0.11665630910805613,0.5946607308202364,2.189250322413655e-06,2.5355303358748878e-05
TwoBusGensal,dense,smooth,3.1622776601683795,True,0,0.05123982299119234,3.0,0.000135,0.0,0.0,4020.0,0.002858,0.000162,0.002322,8.8e-05,198.0,0.000303,8e-06,0.000263,6e-06,4e-06,198.0,0.000184,4020.0,0.000731,7200.0,0.000291,7200.0,0.002946,34,3223,3996,192,52,3996,2,192,3,3223,7.549670182376208e-14,0.11994104855146179,0.0011053541864511124,0.18476807005638562,0.9956463469092792,4.484021098355569,,,,
TwoBusGensal,dense,smooth,10.0,False,0,0.022856438998132944,3.0,0.000138,0.0,0.0,1192.0,0.000898,5e-05,0.000735,2.9e-05,108.0,0.000189,4e-06,0.000164,4e-06,2e-06,108.0,0.000143,1192.0,0.00022,7200.0,0.000287,7200.0,0.003016,34,804,1170,102,21,1170,17,102,3,804,7.549670186522253e-10,0.7414420547115029,0.0038033243768053992,0.20753704032953732,0.9984101355754321,3.5646766169154227,0.05913259240214837,0.2733190053752839,2.2474558885443815e-06,1.923163201805091e-05
TwoBusGensal,dense,smooth,10.0,True,0,0.05709443899104372,3.0,0.000217,0.0,0.0,3649.0,0.004156,0.000196,0.003583,9.3e-05,192.0,0.000454,1e-05,0.000403,7e-06,6e-06,192.0,0.000315,3649.0,0.000736,7200.0,0.000335,7200.0,0.003284,34,2869,3625,186,51,3625,1,186,3,2869,7.549670182419367e-14,0.2542156940961947,0.0010934474886566989,0.1873633197713352,0.9797713238333962,4.63401882188916,,,,
TwoBusGensal,dense,smooth,31.622776601683793,False,0,0.022413630969822407,3.0,0.000149,0.0,0.0,1218.0,0.000923,5.3e-05,0.000746,2.9e-05,102.0,0.000195,4e-06,0.00017,5e-06,2e-06,102.0,0.00014,1218.0,0.000225,7200.0,0.000277,7200.0,0.003098,34,815,1196,96,22,1196,9,96,3,815,7.549670186517297e-10,0.784166101249747,0.0033995203111934673,0.19651242231230043,0.9790894140880654,3.5092024539877302,0.014352497056038525,0.05481438669021374,1.3647802188104522e-06,4.6351650216672365e-05
TwoBusGensal,dense,smooth,31.622776601683793,True,0,0.05805954895913601,3.0,0.000194,0.0,0.0,4216.0,0.003397,0.000181,0.002805,0.000106,231.0,0.000413,1e-05,0.000363,7e-06,5e-06,231.0,0.000243,4216.0,0.000762,7200.0,0.000322,7200.0,0.003436,34,3189,4192,225,68,4192,2,225,3,3189,7.549670182435031e-14,0.1554308664468671,0.0008474147943669647,0.20931168237393308,0.9946606866112706,4.507682659140796,,,,
TwoBusGensal,dense,smooth,100.0,False,0,0.020841378020122647,3.0,0.000137,0.0,0.0,1257.0,0.000878,5.2e-05,0.000711,2.9e-05,120.0,0.000186,5e-06,0.00016,3e-06,3e-06,120.0,0.000148,1257.0,0.000222,7200.0,0.000269,7200.0,0.002891,34,844,1235,114,34,1235,12,114,3,844,7.549670186517208e-10,1.0854694572073518,0.003088235949748705,0.2009310480900983,0.9622681142276801,3.3981042654028437,0.004624828134264866,0.017073257416021836,3.0403107489475266e-06,5.434124839797916e-05
TwoBusGensal,dense,smooth,100.0,True,0,0.047314025985542685,3.0,0.000165,0.0,0.0,3781.0,0.002607,0.000154,0.002109,8.4e-05,227.0,0.000345,1e-05,0.000298,7e-06,5e-06,227.0,0.000207,3781.0,0.000677,7200.0,0.000287,7200.0,0.002977,34,2943,3757,221,66,3757,1,221,3,2943,7.549670182434767e-14,0.2763000387142577,0.0008128826116648941,0.18303314981560243,0.9947653237541715,4.654094461433911,,,,
TwoBusGensal,dense,smooth,316.22776601683796,False,0,0.02261630800785497,3.0,0.000132,0.0,0.0,1234.0,0.000852,5.1e-05,0.000688,2.9e-05,130.0,0.000195,5e-06,0.000168,4e-06,3e-06,130.0,0.000146,1234.0,0.000263,7200.0,0.000267,7200.0,0.00289,34,806,1212,124,29,1212,16,124,3,806,7.54967018651721e-10,0.9182665849468201,0.0028687583219261753,0.1953279929707921,0.9916223482574968,3.5496277915632755,0.0016993687867271142,0.00628401346070834,1.4545979609760365e-06,5.5160316749276805e-05
TwoBusGensal,dense,smooth,316.22776601683796,True,0,0.05082397302612662,3.0,0.000141,0.0,0.0,3867.0,0.002757,0.000162,0.002233,8.8e-05,216.0,0.00035,1e-05,0.000304,6e-06,5e-06,216.0,0.000204,3867.0,0.000684,7200.0,0.000282,7200.0,0.003154,34,3036,3843,210,60,3843,3,210,3,3036,7.549670182434767e-14,0.24345740530573326,0.0007873496194991893,0.18644140620977276,0.9956263370173556,4.547760210803689,,,,
TwoBusGensal,dense,smooth,1000.0,False,0,0.022021416982170194,3.0,0.000146,0.0,0.0,1311.0,0.000939,5.6e-05,0.000762,3.1e-05,145.0,0.000284,6e-06,0.000253,4e-06,3e-06,145.0,0.000173,1311.0,0.000244,7200.0,0.000286,7200.0,0.003064,34,829,1289,139,36,1289,20,139,3,829,7.54967018651721e-10,1.1966260553186814,0.0029304150236792352,0.20833991829566276,0.9905873239709496,3.384800965018094,0.0006033776422280519,0.0022093098484963635,3.5320276998446422e-06,3.843093272186329e-05
TwoBusGensal,dense,smooth,1000.0,True,0,0.049188103002961725,3.0,0.000131,0.0,0.0,3890.0,0.002933,0.000171,0.002312,0.00013,216.0,0.000537,9e-06,0.000489,7e-06,5e-06,216.0,0.000209,3890.0,0.000713,7200.0,0.000348,7200.0,0.003414,34,3008,3866,210,68,3866,2,210,3,3008,7.549670182434767e-14,0.3002753359702642,0.0006353205510605297,0.19320630459768678,0.9924351717485547,4.5342420212765955,,,,
TwoBusGensal,dense,smooth,3162.2776601683795,False,0,0.02026615699287504,3.0,0.000139,0.0,0.0,1224.0,0.000889,5.1e-05,0.000724,2.9e-05,133.0,0.000241,5e-06,0.000212,4e-06,3e-06,133.0,0.000177,1224.0,0.000227,7200.0,0.00029,7200.0,0.002968,34,823,1202,127,29,1202,16,127,3,823,7.54967018651721e-10,1.4188564381744728,0.002783949979492855,0.19517361971149053,0.9942140391517731,3.427703523693803,0.00021157019767425485,0.000779340676491552,2.9513314048577932e-06,0.00015924123957753112
TwoBusGensal,dense,smooth,3162.2776601683795,True,0,0.05329638399416581,3.0,0.000181,0.0,0.0,4152.0,0.003131,0.000231,0.002455,0.00013,220.0,0.000446,1.3e-05,0.000389,8e-06,6e-06,220.0,0.000258,4152.0,0.001012,7200.0,0.000309,7200.0,0.003164,34,3223,4128,214,66,4128,7,214,3,3223,7.549670182434767e-14,0.23449539576793002,0.0005897896188372057,0.19161405953354696,0.9952312782301799,4.390940117902575,,,,
TwoBusGensal,dense,smooth,10000.0,False,0,0.021140418015420437,3.0,0.000133,0.0,0.0,1347.0,0.000878,5.5e-05,0.0007,3.1e-05,135.0,0.000204,5e-06,0.000176,4e-06,3e-06,135.0,0.00015,1347.0,0.000241,7200.0,0.000274,7200.0,0.002974,34,872,1325,129,33,1325,16,129,3,872,7.54967018651721e-10,1.1224959637953498,0.002731711434394197,0.20518815463500836,0.9730459098815456,3.2660550458715596,7.085395819187096e-05,0.0002583460339166311,3.251410488912892e-06,3.538276923349748e-05
TwoBusGensal,dense,smooth,10000.0,True,0,0.04961982602253556,3.0,0.000131,0.0,0.0,4059.0,0.00269,0.000167,0.002152,9e-05,243.0,0.000378,1e-05,0.000329,7e-06,5e-06,243.0,0.000206,4059.0,0.000728,7200.0,0.000279,7200.0,0.002954,34,3053,4035,237,64,4035,11,237,3,3053,7.549670182434767e-14,0.3092040248450565,0.0007990316361000667,0.18458121026572114,0.9951314385578096,4.43956763838847,,,,
TwoBusGensal,dense,piecewise,10000.0,False,0,0.022670412028674036,3.0,0.000131,0.0,0.0,1357.0,0.000889,5.5e-05,0.00071,3.1e-05,157.0,0.000202,6e-06,0.000169,4e-06,3e-06,157.0,0.00016,1357.0,0.000241,7200.0,0.000284,7200.0,0.002924,34,889,1335,151,33,1335,24,151,3,889,7.54967018651721e-10,0.911294726521526,0.003113103080447321,0.19410398239248405,0.9656074724040883,3.2924634420697414,2.1896053972744096e-06,8.334582662932975e-05,2.1896053972744096e-06,8.334582662932975e-05
TwoBusGensal,dense,piecewise,10000.0,True,0,0.050387105031404644,3.0,0.000134,0.0,0.0,3996.0,0.002693,0.000177,0.002129,9.3e-05,259.0,0.000342,1.1e-05,0.000283,8e-06,6e-06,259.0,0.000223,3996.0,0.000711,7200.0,0.000275,7200.0,0.002973,34,3066,3972,253,68,3972,10,253,3,3066,7.549670182434767e-14,0.2575335129930705,0.0009172205127277377,0.17893741479470718,0.9915256791132271,4.500652315720809,,,,
TwoBusIeeet1,dense,smooth,1.0,False,0,0.019154278037603945,3.0,0.000115,0.0,0.0,1031.0,0.000738,4e-05,0.000603,2.4e-05,77.0,0.000152,3e-06,0.000136,2e-06,2e-06,77.0,9.2e-05,1031.0,0.000143,2400.0,8.9e-05,2400.0,0.00078,22,807,1009,71,9,1009,0,71,3,807,3.7524572036000243e-10,0.22118400000000002,0.0024146433315208405,0.18026540107620587,0.838404754420777,3.7942998760842626,0.032439330789125406,0.40050694699587697,8.252736859825714e-07,4.953044640036407e-06
TwoBusIeeet1,dense,smooth,1.0,True,0,0.07648695900570601,3.0,0.000127,0.0,0.0,5805.0,0.004387,0.000232,0.003578,0.000135,141.0,0.000293,6e-06,0.000263,5e-06,3e-06,141.0,0.000132,5805.0,0.000796,2400.0,9.7e-05,2400.0,0.001041,22,5373,5781,135,15,5781,0,135,3,5373,3.7524572034214353e-14,0.019380037823401003,0.00024284564189801968,0.12069809243344075,0.9770919567695268,4.006700167504188,,,,
TwoBusIeeet1,dense,smooth,3.1622776601683795,False,0,0.018987915012985468,3.0,0.000112,0.0,0.0,1117.0,0.000802,4.5e-05,0.000653,2.6e-05,83.0,0.00018,3e-06,0.000161,3e-06,2e-06,83.0,9.3e-05,1117.0,0.000167,2400.0,8.9e-05,2400.0,0.000787,22,902,1095,77,11,1095,0,77,3,902,3.7524572031586097e-10,0.2730666666666667,0.002320013611702197,0.1594505428963958,0.9270394944740786,3.630820399113082,0.016188325943143993,0.19381472724768053,5.482697911584815e-07,2.259396879668577e-06
TwoBusIeeet1,dense,smooth,3.1622776601683795,True,0,0.0528925170074217,3.0,0.000123,0.0,0.0,3878.0,0.002777,0.000149,0.002271,8.8e-05,152.0,0.000298,6e-06,0.000268,4e-06,3e-06,152.0,0.000129,3878.0,0.000523,2400.0,9.4e-05,2400.0,0.000954,22,3348,3852,146,21,3852,0,146,3,3348,3.7524572031013585e-14,0.023834421585416113,0.0006882745478047417,0.14092051039340858,0.9820050451792782,4.719534050179211,,,,
TwoBusIeeet1,dense,smooth,10.0,False,0,0.017055183998309076,3.0,0.000341,0.0,0.0,1035.0,0.000855,4.2e-05,0.000618,0.000124,82.0,0.000242,4e-06,0.000206,2e-06,2e-06,82.0,0.000113,1035.0,0.000146,2400.0,9.1e-05,2400.0,0.000774,22,794,1013,76,12,1013,0,76,3,794,3.7524572031108446e-10,0.2730666666666667,0.0019783494056436848,0.15556685046363022,0.9804267826151334,3.954659949622166,0.007775665364926421,0.09289899353895496,4.596140530140802e-07,2.149195412379096e-06
TwoBusIeeet1,dense,smooth,10.0,True,0,0.051393273985013366,3.0,0.00012,0.0,0.0,4256.0,0.003056,0.000168,0.002495,9.4e-05,173.0,0.000397,7e-06,0.000362,5e-06,4e-06,173.0,0.000168,4256.0,0.000583,2400.0,9.4e-05,2400.0,0.00084,22,3539,4229,167,36,4229,0,167,3,3539,3.752457203081226e-14,0.02218070792212391,0.0005539278062030473,0.16860554130509098,0.9958283470652656,4.687199773947443,,,,
TwoBusIeeet1,dense,smooth,31.622776601683793,False,0,0.01845415501156822,3.0,0.000111,0.0,0.0,1112.0,0.000837,4.4e-05,0.000688,2.7e-05,96.0,0.000192,3e-06,0.000171,3e-06,2e-06,96.0,0.0001,1112.0,0.000159,2400.0,9.2e-05,2400.0,0.000837,22,831,1090,90,20,1090,0,90,3,831,3.7524572031190756e-10,0.2730666666666667,0.0019076446439691306,0.15469672790267677,0.9708637550512149,3.9879663056558363,0.003398124576396733,0.04049838698612876,4.942517620601815e-07,5.065855829664116e-06
TwoBusIeeet1,dense,smooth,31.622776601683793,True,0,0.05638228799216449,3.0,0.000129,0.0,0.0,4511.0,0.003261,0.000191,0.002656,0.000102,163.0,0.000448,7e-06,0.000383,3.2e-05,3e-06,163.0,0.000141,4511.0,0.000619,2400.0,9.8e-05,2400.0,0.001001,22,3769,4484,157,33,4484,0,157,3,3769,3.752457203089105e-14,0.02219296451764542,0.000463667477580819,0.16683509130707844,0.9986386592866281,4.53488989121783,,,,
TwoBusIeeet1,dense,smooth,100.0,False,0,0.01795816997764632,3.0,0.000114,0.0,0.0,1001.0,0.000695,3.9e-05,0.000564,2.4e-05,101.0,0.000195,4e-06,0.000174,3e-06,2e-06,101.0,0.000103,1001.0,0.00014,2400.0,9e-05,2400.0,0.000796,22,783,979,95,17,979,2,95,3,783,3.752457203119077e-10,0.2730666666666667,0.0017476431688539182,0.13222762688253786,0.9542771521718578,4.168582375478927,0.0013092250020127604,0.015418940971441452,6.296457845797758e-07,5.0074264976020875e-06
TwoBusIeeet1,dense,smooth,100.0,True,0,0.04987773398170248,3.0,0.000124,0.0,0.0,3977.0,0.002741,0.000153,0.002213,8.7e-05,161.0,0.000483,6e-06,0.00045,4e-06,3e-06,161.0,0.000141,3977.0,0.000537,2400.0,9.3e-05,2400.0,0.000856,22,3400,3950,155,30,3950,0,155,3,3400,3.7524572030891046e-14,0.02219327510763849,0.0004936740134920063,0.1622125126730751,0.9940285477356927,4.675,,,,
TwoBusIeeet1,dense,smooth,316.22776601683796,False,0,0.018805475963745266,3.0,0.000114,0.0,0.0,1095.0,0.000848,4.8e-05,0.000641,2.8e-05,100.0,0.000191,4e-06,0.000169,3e-06,2e-06,100.0,0.0001,1095.0,0.000212,2400.0,0.000143,2400.0,0.001135,22,834,1073,94,16,1073,3,94,3,834,3.7524572031190756e-10,0.2730666666666667,0.0019218967225810989,0.164729291095376,0.988679771581637,3.8081534772182253,0.0004976699443835083,0.005579972114528143,8.827410126278531e-07,6.82919646238518e-06
TwoBusIeeet1,dense,smooth,316.22776601683796,True,0,0.054109585005789995,3.0,0.000119,0.0,0.0,4407.0,0.003052,0.000238,0.002413,9.7e-05,189.0,0.000354,7e-06,0.000317,5e-06,4e-06,189.0,0.000143,4407.0,0.000608,2400.0,9.4e-05,2400.0,0.000894,22,3694,4380,183,49,4380,1,183,3,3694,3.752457203089103e-14,0.024353440706171542,0.0005618868136988637,0.16819671978176584,0.9778606321260688,4.618570655116405,,,,
TwoBusIeeet1,dense,smooth,1000.0,False,0,0.018798361998051405,3.0,0.000113,0.0,0.0,1237.0,0.000952,7.6e-05,0.00076,3e-05,107.0,0.000204,4e-06,0.000182,3e-06,2e-06,107.0,0.000106,1237.0,0.00018,2400.0,9.1e-05,2400.0,0.000798,22,905,1215,101,24,1215,2,101,3,905,3.752457203119075e-10,0.2730666666666667,0.0019302674192350953,0.1743323785531876,0.9749635177149977,3.6176795580110497,0.00019779360553708218,0.0019696811116163455,1.5965182609651335e-06,1.9008539158983547e-05
TwoBusIeeet1,dense,smooth,1000.0,True,0,0.05521476099966094,3.0,0.000113,0.0,0.0,4382.0,0.003138,0.000177,0.002509,0.000143,215.0,0.000452,9e-06,0.000408,6e-06,4e-06,215.0,0.000159,4382.0,0.000652,2400.0,0.000106,2400.0,0.001041,22,3635,4355,209,72,4355,2,209,3,3635,3.752457203089098e-14,0.023324896638913815,0.0004311758922530824,0.1468350335223406,0.986220022715713,4.651444291609353,,,,
TwoBusIeeet1,dense,smooth,3162.2776601683795,False,0,0.01956495101330802,3.0,0.000113,0.0,0.0,1114.0,0.000799,4.5e-05,0.000645,2.6e-05,120.0,0.000249,5e-06,0.000224,3e-06,3e-06,120.0,0.000113,1114.0,0.000159,2400.0,9.2e-05,2400.0,0.000804,22,825,1092,114,27,1092,5,114,3,825,3.75245720311907e-10,0.2730666666666667,0.0017453393376825209,0.1507136200887673,0.9895239862963371,3.8448484848484847,8.117398214313213e-05,0.0006820571112312211,1.396310651736498e-06,1.4071716167660209e-05
TwoBusIeeet1,dense,smooth,3162.2776601683795,True,0,0.060495679965242743,3.0,0.00014,0.0,0.0,4718.0,0.003235,0.000185,0.00262,0.000105,239.0,0.000441,9e-06,0.000395,6e-06,5e-06,239.0,0.000169,4718.0,0.000677,2400.0,9.7e-05,2400.0,0.000872,22,3851,4691,233,87,4691,3,233,3,3851,3.7524572030902374e-14,0.02059405686372529,0.0004923552323702794,0.1593878826944033,0.99618396338469,4.603998961308751,,,,
TwoBusIeeet1,dense,smooth,10000.0,False,0,0.017335676006041467,3.0,0.000116,0.0,0.0,1172.0,0.000788,4.6e-05,0.000635,2.7e-05,119.0,0.000222,4e-06,0.000198,3e-06,2e-06,119.0,0.000109,1172.0,0.000161,2400.0,9e-05,2400.0,0.000767,22,855,1150,113,24,1150,8,113,3,855,3.752457203119055e-10,0.2730666666666667,0.001701026804577746,0.15099179286674436,0.8381466471480402,3.7473684210526317,3.268217764288314e-05,0.00023051512288608324,1.4767279199014162e-06,6.487631454731188e-06
TwoBusIeeet1,dense,smooth,10000.0,True,0,0.058159197971690446,3.0,0.000117,0.0,0.0,4795.0,0.003287,0.000198,0.002632,0.000113,312.0,0.00058,1.3e-05,0.000519,8e-06,6e-06,312.0,0.000198,4795.0,0.000674,2400.0,0.0001,2400.0,0.000941,22,3860,4768,306,124,4768,4,306,3,3860,3.7524572030890346e-14,0.022193276384105422,0.00044154792862635553,0.1538988926574489,0.9778672097379892,4.562694300518134,,,,
TwoBusIeeet1,dense,piecewise,10000.0,False,0,0.019518229004461318,3.0,0.00011,0.0,0.0,1228.0,0.00079,4.8e-05,0.00063,2.8e-05,127.0,0.000208,5e-06,0.000182,4e-06,3e-06,127.0,0.000113,1228.0,0.000177,2400.0,9.1e-05,2400.0,0.000801,22,892,1206,121,26,1206,9,121,3,892,3.752457203118989e-10,0.2730666666666667,0.0015026607198543912,0.16958103092060692,0.9649217885879561,3.64237668161435,7.640512963729763e-06,2.427005849257765e-05,7.640512963729763e-06,2.427005849257765e-05
TwoBusIeeet1,dense,piecewise,10000.0,True,0,0.06330293597420678,3.0,0.000118,0.0,0.0,5147.0,0.003315,0.000214,0.002632,0.000113,402.0,0.000592,1.5e-05,0.000518,1e-05,8e-06,402.0,0.000252,5147.0,0.000723,2400.0,9.1e-05,2400.0,0.000845,22,4059,5120,396,134,5120,15,396,3,4059,3.752457203088827e-14,0.022193270274428207,0.0004423660210340224,0.15177874147468604,0.9778676168779588,4.44789356984479,,,,
ThreeBusBasic,dense,smooth,1.0,False,0,0.013824274996295571,3.0,9.8e-05,0.0,0.0,656.0,0.000414,2.6e-05,0.000329,1.5e-05,62.0,0.000153,2e-06,0.000139,2e-06,1e-06,62.0,8.1e-05,656.0,0.000113,2400.0,9e-05,2400.0,0.001044,18,519,641,56,1,641,0,56,3,519,1.2655159300784258e-08,0.2654177376939808,0.006980017224294596,0.15834356287698625,0.9188939861556614,4.092485549132948,4.3729333305208044e-07,1.0944911852817194e-05,4.372917968736806e-07,1.094477838239679e-05
ThreeBusBasic,dense,smooth,1.0,True,0,0.03599444997962564,3.0,0.00011,0.0,0.0,2561.0,0.001654,0.000114,0.001304,6e-05,107.0,0.000256,5e-06,0.00023,3e-06,2e-06,107.0,0.000109,2561.0,0.000439,2400.0,0.00011,2400.0,0.001589,18,2242,2544,101,7,2544,0,101,3,2242,1.2655214555097647e-12,0.02184516256149298,0.002015029709281023,0.13819386592983138,0.9990257727643188,4.745316681534344,,,,
ThreeBusBasic,dense,smooth,3.1622776601683795,False,0,0.01643699803389609,3.0,0.000114,0.0,0.0,656.0,0.000495,3.6e-05,0.000394,1.8e-05,62.0,0.000169,3e-06,0.000152,2e-06,2e-06,62.0,9.8e-05,656.0,0.000127,2400.0,0.00014,2400.0,0.001648,18,519,641,56,1,641,0,56,3,519,1.2655159300784258e-08,0.2654177376939808,0.006980017224294596,0.15834356287698625,0.9188939861556614,4.092485549132948,4.3729333305208044e-07,1.0944911852817194e-05,4.372917968736806e-07,1.094477838239679e-05
ThreeBusBasic,dense,smooth,3.1622776601683795,True,0,0.036546468967571855,3.0,0.000108,0.0,0.0,2561.0,0.001753,0.000112,0.001404,5.8e-05,107.0,0.000263,5e-06,0.000237,4e-06,2e-06,107.0,0.00011,2561.0,0.000443,2400.0,0.000169,2400.0,0.001607,18,2242,2544,101,7,2544,0,101,3,2242,1.2655214555097647e-12,0.02184516256149298,0.002015029709281023,0.13819386592983138,0.9990257727643188,4.745316681534344,,,,
ThreeBusBasic,dense,smooth,10.0,False,0,0.015651185007300228,3.0,0.000102,0.0,0.0,656.0,0.000444,3.5e-05,0.000346,1.8e-05,62.0,0.000153,3e-06,0.000136,2e-06,1e-06,62.0,9.3e-05,656.0,0.000118,2400.0,0.000109,2400.0,0.001495,18,519,641,56,1,641,0,56,3,519,1.2655159300784258e-08,0.2654177376939808,0.006980017224294596,0.15834356287698625,0.9188939861556614,4.092485549132948,4.3729333305208044e-07,1.0944911852817194e-05,4.372917968736806e-07,1.094477838239679e-05
ThreeBusBasic,dense,smooth,10.0,True,0,0.03657611500239,3.0,0.000112,0.0,0.0,2561.0,0.001646,0.00011,0.001303,5.6e-05,107.0,0.000254,5e-06,0.000229,3e-06,2e-06,107.0,0.000112,2561.0,0.000435,2400.0,0.000109,2400.0,0.001544,18,2242,2544,101,7,2544,0,101,3,2242,1.2655214555097647e-12,0.02184516256149298,0.002015029709281023,0.13819386592983138,0.9990257727643188,4.745316681534344,,,,
ThreeBusBasic,dense,smooth,31.622776601683793,False,0,0.01505323697347194,3.0,0.000106,0.0,0.0,656.0,0.000447,3.7e-05,0.000348,1.7e-05,62.0,0.000171,3e-06,0.000154,2e-06,1e-06,62.0,8.5e-05,656.0,0.000118,2400.0,0.000121,2400.0,0.001491,18,519,641,56,1,641,0,56,3,519,1.2655159300784258e-08,0.2654177376939808,0.006980017224294596,0.15834356287698625,0.9188939861556614,4.092485549132948,4.3729333305208044e-07,1.0944911852817194e-05,4.372917968736806e-07,1.094477838239679e-05
ThreeBusBasic,dense,smooth,31.622776601683793,True,0,0.03541438700631261,3.0,0.000113,0.0,0.0,2561.0,0.001773,0.000117,0.001408,6.2e-05,107.0,0.000267,5e-06,0.00024,4e-06,2e-06,107.0,0.000116,2561.0,0.000447,2400.0,0.000114,2400.0,0.001688,18,2242,2544,101,7,2544,0,101,3,2242,1.2655214555097647e-12,0.02184516256149298,0.002015029709281023,0.13819386592983138,0.9990257727643188,4.745316681534344,,,,
ThreeBusBasic,dense,smooth,100.0,False,0,0.015430680999998003,3.0,0.000106,0.0,0.0,656.0,0.000426,3.6e-05,0.000328,1.6e-05,62.0,0.000141,3e-06,0.000125,2e-06,1e-06,62.0,8.4e-05,656.0,0.000122,2400.0,0.000109,2400.0,0.001484,18,519,641,56,1,641,0,56,3,519,1.2655159300784258e-08,0.2654177376939808,0.006980017224294596,0.15834356287698625,0.9188939861556614,4.092485549132948,4.3729333305208044e-07,1.0944911852817194e-05,4.372917968736806e-07,1.094477838239679e-05
ThreeBusBasic,dense,smooth,100.0,True,0,0.03655288397567347,3.0,0.000105,0.0,0.0,2561.0,0.001624,0.000111,0.001262,5.8e-05,107.0,0.000238,5e-06,0.000212,3e-06,2e-06,107.0,0.000107,2561.0,0.000436,2400.0,0.000104,2400.0,0.001547,18,2242,2544,101,7,2544,0,101,3,2242,1.2655214555097647e-12,0.02184516256149298,0.002015029709281023,0.13819386592983138,0.9990257727643188,4.745316681534344,,,,
ThreeBusBasic,dense,smooth,316.22776601683796,False,0,0.016394791018683463,3.0,0.0001,0.0,0.0,656.0,0.000423,3.4e-05,0.000327,1.7e-05,62.0,0.000141,3e-06,0.000124,2e-06,1e-06,62.0,8.3e-05,656.0,0.000117,2400.0,0.00011,2400.0,0.001477,18,519,641,56,1,641,0,56,3,519,1.2655159300784258e-08,0.2654177376939808,0.006980017224294596,0.15834356287698625,0.9188939861556614,4.092485549132948,4.3729333305208044e-07,1.0944911852817194e-05,4.372917968736806e-07,1.094477838239679e-05
ThreeBusBasic,dense,smooth,316.22776601683796,True,0,0.03910464997170493,3.0,0.000107,0.0,0.0,2561.0,0.001602,0.000112,0.001256,5.8e-05,107.0,0.000255,6e-06,0.000229,3e-06,2e-06,107.0,0.000118,2561.0,0.000439,2400.0,0.000108,2400.0,0.001628,18,2242,2544,101,7,2544,0,101,3,2242,1.2655214555097647e-12,0.02184516256149298,0.002015029709281023,0.13819386592983138,0.9990257727643188,4.745316681534344,,,,
ThreeBusBasic,dense,smooth,1000.0,False,0,0.015221389010548592,3.0,0.000107,0.0,0.0,656.0,0.000454,3.9e-05,0.00035,1.8e-05,62.0,0.000166,3e-06,0.000148,2e-06,2e-06,62.0,9.2e-05,656.0,0.000131,2400.0,0.000129,2400.0,0.001763,18,519,641,56,1,641,0,56,3,519,1.2655159300784258e-08,0.2654177376939808,0.006980017224294596,0.15834356287698625,0.9188939861556614,4.092485549132948,4.3729333305208044e-07,1.0944911852817194e-05,4.372917968736806e-07,1.094477838239679e-05
ThreeBusBasic,dense,smooth,1000.0,True,0,0.04051349899964407,3.0,0.000125,0.0,0.0,2561.0,0.001586,0.000112,0.001233,5.7e-05,107.0,0.000252,6e-06,0.000225,3e-06,2e-06,107.0,0.000111,2561.0,0.000437,2400.0,0.000109,2400.0,0.001587,18,2242,2544,101,7,2544,0,101,3,2242,1.2655214555097647e-12,0.02184516256149298,0.002015029709281023,0.13819386592983138,0.9990257727643188,4.745316681534344,,,,
ThreeBusBasic,dense,smooth,3162.2776601683795,False,0,0.015416468027979136,3.0,0.000109,0.0,0.0,656.0,0.000435,3.6e-05,0.000336,1.7e-05,62.0,0.000154,3e-06,0.000137,2e-06,1e-06,62.0,8.8e-05,656.0,0.000119,2400.0,0.000108,2400.0,0.001494,18,519,641,56,1,641,0,56,3,519,1.2655159300784258e-08,0.2654177376939808,0.006980017224294596,0.15834356287698625,0.9188939861556614,4.092485549132948,4.3729333305208044e-07,1.0944911852817194e-05,4.372917968736806e-07,1.094477838239679e-05
ThreeBusBasic,dense,smooth,3162.2776601683795,True,0,0.038563126989174634,3.0,0.00013,0.0,0.0,2561.0,0.001595,0.000112,0.001248,5.8e-05,107.0,0.000249,5e-06,0.000222,3e-06,2e-06,107.0,0.000123,2561.0,0.000445,2400.0,0.000113,2400.0,0.001791,18,2242,2544,101,7,2544,0,101,3,2242,1.2655214555097647e-12,0.02184516256149298,0.002015029709281023,0.13819386592983138,0.9990257727643188,4.745316681534344,,,,
ThreeBusBasic,dense,smooth,10000.0,False,0,0.01585865399101749,3.0,0.000107,0.0,0.0,656.0,0.000429,3.6e-05,0.000331,1.7e-05,62.0,0.000146,3e-06,0.000129,3e-06,1e-06,62.0,9.2e-05,656.0,0.000119,2400.0,0.00011,2400.0,0.001523,18,519,641,56,1,641,0,56,3,519,1.2655159300784258e-08,0.2654177376939808,0.006980017224294596,0.15834356287698625,0.9188939861556614,4.092485549132948,4.3729333305208044e-07,1.0944911852817194e-05,4.372917968736806e-07,1.094477838239679e-05
ThreeBusBasic,dense,smooth,10000.0,True,0,0.036476001027040184,3.0,0.000117,0.0,0.0,2561.0,0.001597,0.000113,0.001249,5.8e-05,107.0,0.000259,6e-06,0.000232,3e-06,2e-06,107.0,0.000117,2561.0,0.000443,2400.0,0.000112,2400.0,0.001633,18,2242,2544,101,7,2544,0,101,3,2242,1.2655214555097647e-12,0.02184516256149298,0.002015029709281023,0.13819386592983138,0.9990257727643188,4.745316681534344,,,,
ThreeBusBasic,dense,piecewise,10000.0,False,0,0.016083848022390157,3.0,0.000201,0.0,0.0,656.0,0.000476,3.9e-05,0.000373,1.8e-05,62.0,0.000233,3e-06,0.000213,3e-06,2e-06,62.0,0.000188,656.0,0.000129,2400.0,0.000114,2400.0,0.001851,18,519,641,56,1,641,0,56,3,519,1.265515930077501e-08,0.26541774043032057,0.006980017226334399,0.15834355684605866,0.9188940182132549,4.092485549132948,4.372933131915041e-07,1.0944911832628379e-05,4.372933131915041e-07,1.0944911832628379e-05
ThreeBusBasic,dense,piecewise,10000.0,True,0,0.03711636597290635,3.0,0.000103,0.0,0.0,2569.0,0.001758,0.000115,0.001311,5.9e-05,115.0,0.000249,6e-06,0.000219,4e-06,3e-06,115.0,0.000134,2569.0,0.000446,2400.0,0.000115,2400.0,0.001776,18,2199,2552,109,12,2552,0,109,3,2199,1.265521455507589e-12,0.029027910537837893,0.002042367191303261,0.15076079955459631,0.996510423102797,4.743519781718963,,,,
ACTIVSg200,dense,smooth,1.0,False,0,0.05739690596237779,3.0,0.00176,0.0,0.0,802.0,0.006024,0.000179,0.005653,0.00012,57.0,0.003634,1.9e-05,0.003495,6.6e-05,3.7e-05,57.0,0.002329,802.0,0.004612,2400.0,0.000479,2400.0,0.011999,882,644,787,51,2,787,0,51,3,644,4.159664218662177e-08,0.45386666666666625,0.007853012485965755,0.16766365258231197,0.7866261862069123,3.5962732919254656,2.046026764438637,194.7858221565867,0.048876633609711735,2.0191099299798108
ACTIVSg200,dense,smooth,1.0,True,0,0.10864243301330134,3.0,0.001945,0.0,0.0,2420.0,0.017106,0.000445,0.01616,0.0003,98.0,0.006501,3.3e-05,0.006232,0.000133,7.3e-05,98.0,0.003614,2420.0,0.01318,2400.0,0.000485,2400.0,0.011949,882,2159,2402,92,3,2402,0,92,3,2159,4.1597366426561305e-12,0.05876338066763501,0.002414876915926421,0.12733789593996053,0.9463242919345225,4.72163038443724,,,,
ACTIVSg200,dense,smooth,3.1622776601683795,False,0,0.06177551602013409,3.0,0.001737,0.0,0.0,792.0,0.007201,0.00019,0.006815,0.000125,60.0,0.004183,2.2e-05,0.004018,7.8e-05,4.4e-05,60.0,0.002613,792.0,0.004893,2400.0,0.000537,2400.0,0.01285,882,631,777,54,2,777,0,54,3,631,4.184627878583357e-08,0.45386666666666625,0.007384404946982343,0.16381787455294858,0.8150734048268609,3.676703645007924,1.425913185775933,113.26286083826787,0.03183358049283064,2.8361470517532292
ACTIVSg200,dense,smooth,3.1622776601683795,True,0,0.12138973403489217,3.0,0.002525,0.0,0.0,2315.0,0.019745,0.000523,0.01862,0.000389,91.0,0.008064,3.8e-05,0.007711,0.000196,7.9e-05,91.0,0.004057,2315.0,0.013575,2400.0,0.000533,2400.0,0.013476,882,2105,2297,85,2,2297,0,85,3,2105,4.184608712925174e-12,0.05844299894943873,0.002378560784998395,0.12340100307633226,0.9398296717069969,4.744893111638955,,,,
ACTIVSg200,dense,smooth,10.0,False,0,0.06486779300030321,3.0,0.002103,0.0,0.0,866.0,0.007276,0.000205,0.00687,0.000121,56.0,0.004077,5e-05,0.003866,9.5e-05,4.2e-05,56.0,0.002614,866.0,0.005119,2400.0,0.000517,2400.0,0.011962,882,681,851,50,5,851,0,50,3,681,4.2243067793915354e-08,0.45386666666666625,0.006865890790669408,0.19546659143194253,0.9681007947405176,3.4067547723935387,0.6139143281414283,54.0231116030878,0.0531542573222666,2.8085554195133517
ACTIVSg200,dense,smooth,10.0,True,0,0.11866615701001137,3.0,0.001975,0.0,0.0,2715.0,0.02024,0.000516,0.019182,0.000329,104.0,0.007081,3.5e-05,0.006806,0.000131,7.4e-05,104.0,0.003775,2715.0,0.014889,2400.0,0.000453,2400.0,0.012198,882,2351,2697,98,8,2697,0,98,3,2351,4.224186270553e-12,0.058843648085195537,0.0019237729929293369,0.13500046856121287,0.9856479015892063,4.712037430880477,,,,
ACTIVSg200,dense,smooth,31.622776601683793,False,0,0.061893240024801344,3.0,0.001948,0.0,0.0,921.0,0.007232,0.000202,0.006829,0.000126,70.0,0.004689,2.4e-05,0.00451,8.6e-05,4.7e-05,70.0,0.002732,921.0,0.005235,2400.0,0.000457,2400.0,0.01197,882,691,906,64,11,906,3,64,3,691,4.242399729353462e-08,0.45386666666666625,0.0067946853328370305,0.16027596428349686,0.9671637006633801,3.597684515195369,0.33808422725769177,33.39550441867972,0.014729270880573176,0.8885306597749822
ACTIVSg200,dense,smooth,31.622776601683793,True,0,0.1341129100183025,3.0,0.002062,0.0,0.0,3321.0,0.02419,0.000607,0.022924,0.00038,140.0,0.009226,4.7e-05,0.008873,0.000166,0.0001,140.0,0.004808,3321.0,0.018246,2400.0,0.000449,2400.0,0.012446,882,2703,3303,134,32,3303,0,134,3,2703,4.242377129456796e-12,0.05876206730365559,0.0016691919039237202,0.17925856330034115,0.9947740399506294,4.574916759156493,,,,
ACTIVSg200,dense,smooth,100.0,False,0,0.059780911018606275,3.0,0.001864,0.0,0.0,956.0,0.007159,0.000197,0.006761,0.000124,82.0,0.005169,2.9e-05,0.004981,8.4e-05,5.3e-05,82.0,0.003172,956.0,0.005235,2400.0,0.000455,2400.0,0.011306,882,724,941,76,15,941,8,76,3,724,4.247327487512597e-08,0.45386666666666625,0.006157014676520093,0.157732224672197,0.9454684987299923,3.3522099447513813,0.14101624582281835,14.623536819096744,0.022913479283436816,1.3994371104125698
ACTIVSg200,dense,smooth,100.0,True,0,0.1385493430425413,3.0,0.001808,0.0,0.0,3268.0,0.023566,0.000616,0.022314,0.000375,151.0,0.009807,5.5e-05,0.009381,0.000181,0.000152,151.0,0.00734,3268.0,0.017678,2400.0,0.000481,2400.0,0.011808,882,2748,3250,145,41,3250,2,145,3,2748,4.247453104805948e-12,0.05885356106415627,0.001448973143530687,0.1467053891150782,0.9921632200747879,4.7594614264919946,,,,
ACTIVSg200,dense,smooth,316.22776601683796,False,0,0.06169535202207044,3.0,0.001742,0.0,0.0,919.0,0.006687,0.000193,0.00628,0.000126,94.0,0.005728,4.4e-05,0.005485,0.000106,6.4e-05,94.0,0.003543,919.0,0.005382,2400.0,0.000476,2400.0,0.012043,882,675,904,88,13,904,11,88,3,675,4.249051233127653e-08,0.45386666666666625,0.005484389197184291,0.17037151408935355,0.9845456835731038,3.488888888888889,0.097471657963829,8.531816172575084,0.026040725392447544,1.8766278665563956
ACTIVSg200,dense,smooth,316.22776601683796,True,0,0.12496572104282677,3.0,0.00169,0.0,0.0,3015.0,0.019341,0.000573,0.01818,0.000349,174.0,0.01024,7.3e-05,0.009807,0.000193,0.000125,174.0,0.005189,3015.0,0.016329,2400.0,0.00049,2400.0,0.012462,882,2499,2997,168,49,2997,7,168,3,2499,4.2493823883830395e-12,0.058720128825125936,0.0012828495977163083,0.13382750894713463,0.9979538049778258,4.744297719087635,,,,
ACTIVSg200,dense,smooth,1000.0,False,0,0.06774625898106024,3.0,0.001758,0.0,0.0,1250.0,0.00836,0.000288,0.007775,0.000188,108.0,0.006248,3.6e-05,0.005978,0.00013,7.8e-05,108.0,0.003502,1250.0,0.006825,2400.0,0.000445,2400.0,0.011624,882,968,1235,102,15,1235,12,102,3,968,4.250020121535973e-08,0.45386666666666625,0.005497521493952246,0.18545100655119737,0.9871979429212672,2.6942148760330578,0.12408677890945358,4.945766840184802,0.11564723336639704,4.858069371150521
ACTIVSg200,dense,smooth,1000.0,True,0,0.13495548797072843,3.0,0.001717,0.0,0.0,3278.0,0.020372,0.000614,0.019122,0.000375,209.0,0.012065,6.8e-05,0.01156,0.000222,0.000148,209.0,0.006182,3278.0,0.017646,2400.0,0.000458,2400.0,0.012071,882,2683,3260,203,52,3260,13,203,3,2683,4.2501254557351756e-12,0.05877160480660874,0.0011677123006424259,0.13278498385558798,0.9879079119430337,4.719344017890421,,,,
ACTIVSg200,dense,smooth,3162.2776601683795,False,0,0.06277721899095923,3.0,0.001853,0.0,0.0,1044.0,0.006532,0.000212,0.006104,0.000126,114.0,0.006518,3.9e-05,0.006277,0.000102,7.3e-05,114.0,0.003941,1044.0,0.005573,2400.0,0.000457,2400.0,0.011121,882,740,1029,108,20,1029,15,108,3,740,4.246500784445043e-08,0.45386666666666625,0.005701791373274864,0.1746904149958907,0.9772270237367429,3.235135135135135,0.21947159559343526,29.966344301269384,0.20286580360734602,29.879862346233292
ACTIVSg200,dense,smooth,3162.2776601683795,True,0,0.136424791009631,3.0,0.001791,0.0,0.0,3329.0,0.019667,0.000583,0.018443,0.00038,250.0,0.014566,8.1e-05,0.013977,0.000279,0.00018,250.0,0.006951,3329.0,0.017829,2400.0,0.000465,2400.0,0.012166,882,2679,3311,244,67,3311,19,244,3,2679,4.250402071668298e-12,0.05877160480660879,0.0010782066271983906,0.13195745697460481,0.9628750636877543,4.66368047779022,,,,
ACTIVSg200,dense,smooth,10000.0,False,0,0.06546054501086473,3.0,0.001819,0.0,0.0,971.0,0.006168,0.000224,0.005737,0.000125,129.0,0.008291,5e-05,0.007957,0.000158,9.2e-05,129.0,0.004482,971.0,0.005394,2400.0,0.000454,2400.0,0.012052,882,692,956,123,28,956,14,123,3,692,4.248602730996267e-08,0.45386666666666625,0.005314848714302557,0.14240538441051337,0.9642829725546725,3.3583815028901736,0.043023263138493126,1.7576193535481557,0.04201638989683732,1.1945795085042157
ACTIVSg200,dense,smooth,10000.0,True,0,0.15162126102950424,3.0,0.001705,0.0,0.0,3916.0,0.023021,0.000724,0.021511,0.000453,261.0,0.014723,8.5e-05,0.014048,0.000346,0.000187,261.0,0.007446,3916.0,0.021311,2400.0,0.000452,2400.0,0.011746,882,3105,3898,255,60,3898,25,255,3,3105,4.250502535826221e-12,0.05877160480660879,0.0009318857856824731,0.15038993660004082,0.9956883484133852,4.431561996779388,,,,
ACTIVSg200,dense,piecewise,10000.0,False,0,0.06243913999060169,3.0,0.00163,0.0,0.0,973.0,0.004787,0.000202,0.004378,0.000127,155.0,0.007161,5.3e-05,0.006819,0.000145,0.00011,155.0,0.00462,973.0,0.005774,2400.0,0.000483,2400.0,0.012426,882,683,958,149,22,958,26,149,3,683,4.250625401384611e-08,0.45386666666666625,0.004349855347425718,0.15892396116078783,0.972273761925235,3.443631039531479,0.027170686363032194,1.66489776391273,0.027170686363032194,1.66489776391273
ACTIVSg200,dense,piecewise,10000.0,True,0,0.13342167699011043,3.0,0.001679,0.0,0.0,3199.0,0.015287,0.000574,0.01403,0.00041,305.0,0.014838,0.000106,0.014165,0.000258,0.00025,305.0,0.008247,3199.0,0.017146,2400.0,0.000465,2400.0,0.012213,882,2512,3181,299,66,3181,33,299,3,2512,4.25055520693293e-12,0.05877160480660885,0.0009702340577796578,0.13814146873768732,0.9714596874376066,4.455812101910828,,,,
ACTIVSg500,dense,smooth,1.0,False,0,0.07281753700226545,3.0,0.003185,0.0,0.0,443.0,0.006395,0.000229,0.005973,0.00014,52.0,0.005259,3.5e-05,0.004952,0.000157,9.5e-05,52.0,0.004513,443.0,0.005312,2400.0,0.000909,2400.0,0.017489,1722,362,429,46,0,429,0,46,3,362,4.225113510122492e-07,0.45386666666666625,0.009509269728979223,0.09607229165759637,0.6241780696873029,3.8232044198895028,0.8824902589811833,109.48097763243389,0.027732452160503563,0.8110242232988703
ACTIVSg500,dense,smooth,1.0,True,0,0.14585921098478138,3.0,0.00345,0.0,0.0,1760.0,0.022312,0.000856,0.020843,0.000467,90.0,0.010616,6.4e-05,0.009787,0.000539,0.000193,90.0,0.006322,1760.0,0.018201,2400.0,0.001036,2400.0,0.019008,1722,1488,1743,84,1,1743,0,84,3,1488,4.225120362083997e-11,0.034133333333333335,0.003120018191253061,0.159203987572428,0.9849344787734291,4.594758064516129,,,,
ACTIVSg500,dense,smooth,3.1622776601683795,False,0,0.06985062797321007,3.0,0.003087,0.0,0.0,431.0,0.006122,0.000207,0.005734,0.000144,55.0,0.005612,3.7e-05,0.005217,0.000176,0.000102,55.0,0.004213,431.0,0.004673,2400.0,0.0009,2400.0,0.016878,1722,347,416,49,0,416,0,49,3,347,4.274961171681048e-07,0.45386666666666625,0.009443490254840073,0.15628567160511353,0.6792428262149693,3.9048991354466858,0.5643715757361715,60.0507264760828,0.38094502483529163,19.514438050526213
ACTIVSg500,dense,smooth,3.1622776601683795,True,0,0.1606681760167703,3.0,0.003771,0.0,0.0,2046.0,0.02653,0.000985,0.024881,0.000488,101.0,0.011594,0.000125,0.010863,0.000369,0.000196,101.0,0.007416,2046.0,0.021099,2400.0,0.001046,2400.0,0.019357,1722,1633,2029,95,7,2029,0,95,3,1633,4.274945965961241e-11,0.044090262831440956,0.002413994843727531,0.1895864819845067,0.9598223609564969,4.464176362522964,,,,
ACTIVSg500,dense,smooth,10.0,False,0,0.07709408801747486,3.0,0.003386,0.0,0.0,445.0,0.006681,0.000238,0.006255,0.000149,57.0,0.007011,4e-05,0.006634,0.000198,0.000109,57.0,0.004806,445.0,0.00478,2400.0,0.000927,2400.0,0.018393,1722,355,430,51,4,430,0,51,3,355,4.3222180304771825e-07,0.45386666666666625,0.008877334958124266,0.11323879607257407,0.831155455068383,3.8619718309859157,0.14514156922019145,20.526484360750167,0.02835143122108659,1.604898833460304
ACTIVSg500,dense,smooth,10.0,True,0,0.1380578500102274,3.0,0.003422,0.0,0.0,1721.0,0.022242,0.000883,0.020778,0.000426,91.0,0.010023,6.5e-05,0.009455,0.000301,0.000164,91.0,0.006453,1721.0,0.017277,2400.0,0.001006,2400.0,0.017383,1722,1448,1704,85,13,1704,0,85,3,1448,4.322114916063718e-11,0.029110821393079824,0.002608618021490337,0.17843223267646813,0.9876066538649466,4.623618784530387,,,,
ACTIVSg500,dense,smooth,31.622776601683793,False,0,0.07924328400986269,3.0,0.003113,0.0,0.0,631.0,0.008328,0.000295,0.0078,0.000175,61.0,0.006141,4.1e-05,0.005786,0.000164,0.000129,61.0,0.004566,631.0,0.00642,2400.0,0.000934,2400.0,0.017185,1722,505,616,55,4,616,3,55,3,505,4.3362339355572774e-07,0.2730666666666667,0.0061528332781822645,0.1446947759582026,0.7679439651961978,3.267326732673267,0.18596495575472619,8.276124232568622,0.18161141015830398,8.524062256442507
ACTIVSg500,dense,smooth,31.622776601683793,True,0,0.14653493597870693,3.0,0.003186,0.0,0.0,1865.0,0.023352,0.00089,0.021852,0.000459,100.0,0.010392,7.1e-05,0.009752,0.000351,0.000185,100.0,0.006698,1865.0,0.019063,2400.0,0.00108,2400.0,0.017594,1722,1577,1848,94,17,1848,0,94,3,1577,4.336174939704855e-11,0.02914805072690318,0.0024262164800853245,0.1498965487081054,0.9889249896485222,4.5630944831959415,,,,
ACTIVSg500,dense,smooth,100.0,False,0,0.08048032002989203,3.0,0.003023,0.0,0.0,649.0,0.008611,0.000306,0.008062,0.000186,69.0,0.006889,4.7e-05,0.006494,0.000197,0.000126,69.0,0.005097,649.0,0.006794,2400.0,0.000919,2400.0,0.016531,1722,505,634,63,4,634,5,63,3,505,4.3381350187482144e-07,0.2730666666666667,0.005587103483669965,0.16340932270430883,0.861697089577886,3.223762376237624,0.17152846877558253,6.378523071969791,0.17188244502424435,6.454080180033402
ACTIVSg500,dense,smooth,100.0,True,0,0.1438923950190656,3.0,0.003176,0.0,0.0,1789.0,0.02235,0.000842,0.020879,0.000474,106.0,0.011186,7.6e-05,0.010568,0.000304,0.0002,106.0,0.007127,1789.0,0.01808,2400.0,0.001041,2400.0,0.017623,1722,1498,1772,100,20,1772,2,100,3,1498,4.3381117014985574e-11,0.04431387485103342,0.0020066094357282034,0.16737394143875045,0.9508454457707913,4.623497997329773,,,,
ACTIVSg500,dense,smooth,316.22776601683796,False,0,0.08153813902754337,3.0,0.003082,0.0,0.0,655.0,0.00798,0.000307,0.007425,0.000189,76.0,0.007304,5.3e-05,0.006851,0.000217,0.000138,76.0,0.005357,655.0,0.006706,2400.0,0.000927,2400.0,0.016847,1722,506,640,70,3,640,8,70,3,506,4.339217622489788e-07,0.2730666666666667,0.005383501833420664,0.162130959488948,0.8820493787597867,3.199604743083004,0.17294499732152835,6.475262035709232,0.1734391712528049,6.503192641195352
ACTIVSg500,dense,smooth,316.22776601683796,True,0,0.14881522703217342,3.0,0.003141,0.0,0.0,1979.0,0.022119,0.000925,0.020478,0.000544,120.0,0.011875,8.5e-05,0.010943,0.000588,0.000216,120.0,0.007628,1979.0,0.019907,2400.0,0.001006,2400.0,0.017206,1722,1635,1962,114,21,1962,3,114,3,1635,4.338795504862532e-11,0.027648000000000002,0.0019009610061286562,0.16339512359016853,0.9939090264708633,4.580428134556575,,,,
ACTIVSg500,dense,smooth,1000.0,False,0,0.08310466900002211,3.0,0.002963,0.0,0.0,676.0,0.008219,0.000313,0.007664,0.000173,91.0,0.008696,6.1e-05,0.008188,0.000255,0.000161,91.0,0.005875,676.0,0.006856,2400.0,0.000908,2400.0,0.016566,1722,513,661,85,2,661,13,85,3,513,4.339086697415995e-07,0.2730666666666667,0.004885585196315427,0.15786332292554833,0.8788031154010014,3.1617933723196883,0.1724955745716687,6.466364818717973,0.17271769368853698,6.47641213101081
ACTIVSg500,dense,smooth,1000.0,True,0,0.16019280505133793,3.0,0.003275,0.0,0.0,2228.0,0.025327,0.001137,0.023453,0.00054,134.0,0.012993,9.1e-05,0.012246,0.000367,0.000245,134.0,0.008365,2228.0,0.022181,2400.0,0.001036,2400.0,0.018079,1722,1755,2211,128,32,2211,6,128,3,1755,4.3390344453668354e-11,0.027648000000000002,0.001693185326554876,0.17467268104433947,0.9768353661459622,4.501994301994302,,,,
ACTIVSg500,dense,smooth,3162.2776601683795,False,0,0.08375078794779256,3.0,0.003211,0.0,0.0,669.0,0.007994,0.00031,0.007457,0.000165,85.0,0.007946,5.7e-05,0.007473,0.000239,0.000148,85.0,0.006035,669.0,0.006804,2400.0,0.001141,2400.0,0.016867,1722,515,654,79,4,654,11,79,3,515,4.3379388575120195e-07,0.2730666666666667,0.005089465715667042,0.15703964854601465,0.8557521670755069,3.1495145631067962,0.169768353938556,6.370488218116039,0.1698507281716398,6.3738687867248816
ACTIVSg500,dense,smooth,3162.2776601683795,True,0,0.15258912497665733,3.0,0.003204,0.0,0.0,2100.0,0.023589,0.001019,0.021889,0.000489,135.0,0.012557,9.3e-05,0.011804,0.000379,0.000235,135.0,0.008279,2100.0,0.020976,2400.0,0.001014,2400.0,0.017174,1722,1692,2083,129,19,2083,5,129,3,1692,4.33911677931865e-11,0.027648000000000002,0.0015403077641992114,0.15581411208726187,0.9706149540882008,4.458037825059102,,,,
ACTIVSg500,dense,smooth,10000.0,False,0,0.08421949000330642,3.0,0.003099,0.0,0.0,667.0,0.008034,0.000318,0.007448,0.000204,94.0,0.00874,6.3e-05,0.008215,0.00026,0.00017,94.0,0.006053,667.0,0.0067,2400.0,0.000908,2400.0,0.0167,1722,510,652,88,2,652,15,88,3,510,4.3393720542818077e-07,0.2730666666666667,0.004858834161227986,0.15905998254185452,0.8842268382487873,3.1431372549019607,0.17315710339359838,6.490639657669422,0.1731868150515367,6.491962518960565
ACTIVSg500,dense,smooth,10000.0,True,0,0.16024984599789605,3.0,0.003037,0.0,0.0,2262.0,0.02496,0.001068,0.023115,0.000577,138.0,0.013267,9.6e-05,0.012453,0.000429,0.000239,138.0,0.00831,2262.0,0.022553,2400.0,0.001008,2400.0,0.017589,1722,1777,2245,132,29,2245,7,132,3,1777,4.339146638226913e-11,0.027648000000000002,0.0017139939244278286,0.19103537578260973,0.9897531526138293,4.296004501969612,,,,
ACTIVSg500,dense,piecewise,10000.0,False,0,0.0824851289507933,3.0,0.003057,0.0,0.0,672.0,0.006655,0.000325,0.006103,0.00017,103.0,0.008424,7e-05,0.007832,0.000288,0.000196,103.0,0.006655,672.0,0.007116,2400.0,0.001068,2400.0,0.016789,1722,516,657,97,2,657,18,97,3,516,1.6865871982386317e-07,0.2730666666666667,0.004340993209046187,0.15735707671724877,0.8843073038095778,3.118217054263566,0.17317017865664353,6.491135221807218,0.17317017865664353,6.491135221807218
ACTIVSg500,dense,piecewise,10000.0,True,0,0.14707835199078545,3.0,0.002778,0.0,0.0,2006.0,0.018271,0.000905,0.016623,0.000538,174.0,0.013317,0.000118,0.012344,0.000481,0.000319,174.0,0.009653,2006.0,0.020137,2400.0,0.00094,2400.0,0.017573,1722,1587,1989,168,20,1989,19,168,3,1587,4.339160376761658e-11,0.027648000000000002,0.001749205235074314,0.16358650719987788,0.9576221680233483,4.4228103339634535,,,,
WECC240,coarse,smooth,1.0,False,-6,0.03301259403815493,,,,,,,,,,,,,,,,,,,,,,,,,,,,,,,,,,,,,,,,,,,
WECC240,coarse,smooth,1.0,True,-6,0.031310099991969764,,,,,,,,,,,,,,,,,,,,,,,,,,,,,,,,,,,,,,,,,,,
WECC240,coarse,smooth,100.0,False,0,0.21828399103833362,3.0,0.008216,0.0,0.0,981.0,0.047072,0.001224,0.044826,0.000882,64.0,0.018672,0.000114,0.017794,0.000443,0.000284,64.0,0.008957,981.0,0.02253,2400.0,0.002968,2400.0,0.032633,4292,754,948,58,16,948,0,58,3,754,4.130408796641031e-08,0.45386666666666625,0.0056953090047883355,0.166408335037925,0.9412717446222304,3.722811671087533,0.15233032770907498,11.886852200287175,0.007769941548595264,0.5606151875687555
WECC240,coarse,smooth,100.0,True,0,0.5664104689494707,3.0,0.01099,0.0,0.0,3751.0,0.169459,0.004756,0.161113,0.003151,140.0,0.04559,0.000335,0.043,0.001472,0.000666,140.0,0.016428,3751.0,0.081684,2400.0,0.003231,2400.0,0.035857,4292,3141,3701,134,24,3701,0,134,3,3141,4.1306160133853015e-12,0.05697653640196666,0.00140135402324377,0.14116065376846015,0.9824245100786907,4.711875198981216,,,,
WECC240,coarse,smooth,10000.0,False,0,0.29768422699999064,3.0,0.008994,0.0,0.0,1497.0,0.066786,0.001978,0.063342,0.001293,166.0,0.046637,0.000301,0.04432,0.001188,0.000714,166.0,0.018546,1497.0,0.033357,2400.0,0.002881,2400.0,0.032559,4292,950,1464,160,65,1464,5,160,3,950,4.141875894826731e-08,0.45386666666666625,0.0037264252772911417,0.21633584327658234,0.9717271438998638,3.1642105263157894,0.011698258004895212,1.2306388073743517,0.01168337228068809,1.2517378739610439
WECC240,coarse,smooth,10000.0,True,0,0.7577095680171624,3.0,0.009633,0.0,0.0,5128.0,0.220174,0.006562,0.208536,0.004481,359.0,0.097273,0.000624,0.092635,0.002405,0.001418,359.0,0.035643,5128.0,0.110712,2400.0,0.003139,2400.0,0.035864,4292,3807,5078,353,149,5078,12,353,3,3807,4.141723549304793e-12,0.057196190555214396,0.0004786979050590287,0.18853477549289774,0.9957740832756453,4.28421329130549,,,,
WECC240,coarse,piecewise,10000.0,False,0,0.25635125901317224,3.0,0.007163,0.0,0.0,1406.0,0.035371,0.001856,0.032205,0.001148,205.0,0.043715,0.000334,0.041281,0.001211,0.000797,205.0,0.020683,1406.0,0.030348,2400.0,0.00304,2400.0,0.03133,4292,899,1373,199,59,1373,17,199,3,899,4.142304038960894e-08,0.45386666666666625,0.0032150893935431178,0.19573256767169123,0.9808987736902329,3.185761957730812,0.008214467192826619,1.1203971071136127,0.008214467192826619,1.1203971071136127
WECC240,coarse,piecewise,10000.0,True,0,0.7303231349796988,3.0,0.008336,0.0,0.0,5294.0,0.134353,0.00729,0.122361,0.00403,641.0,0.124188,0.00111,0.116515,0.003917,0.002382,641.0,0.059598,5294.0,0.115077,2400.0,0.003347,2400.0,0.038046,4292,3830,5244,635,216,5244,18,635,3,3830,4.142106145088492e-12,0.0571959785170287,0.0004954341144043983,0.1539760409679576,0.9612491752745516,4.0389033942558745,,,,
ACTIVSg10k,coarse,smooth,1.0,False,-6,1.2866162259597331,,,,,,,,,,,,,,,,,,,,,,,,,,,,,,,,,,,,,,,,,,,
ACTIVSg10k,coarse,smooth,1.0,True,-6,1.2777044820250012,,,,,,,,,,,,,,,,,,,,,,,,,,,,,,,,,,,,,,,,,,,
ACTIVSg10k,coarse,smooth,100.0,False,0,11.24025992298266,3.0,0.16735,0.0,0.0,1727.0,2.534802,0.130329,2.324455,0.079049,73.0,0.401909,0.005395,0.35196,0.02529,0.019067,73.0,0.302047,1727.0,2.060997,1000.0,0.076901,1000.0,2.598107,73998,1304,1707,67,15,1707,10,67,3,1304,7.434362274865703e-08,0.01,0.004241116760442019,0.09576257935608211,0.9906359175371012,3.371932515337423,,,3.96895235377984e-05,0.1413419464180647
ACTIVSg10k,coarse,smooth,100.0,True,0,25.561099546961486,3.0,0.184596,0.0,0.0,5238.0,6.616418,0.365587,6.051323,0.196561,218.0,1.183664,0.014351,1.034572,0.076379,0.057927,218.0,0.805043,5238.0,6.244776,1000.0,0.063474,1000.0,2.424253,73998,4191,5210,212,92,5210,0,212,3,4191,7.43436224030031e-12,0.01,0.0006010970769463995,0.1645989441041532,0.9939549226995541,4.5299451204963015,,,,
ACTIVSg10k,coarse,smooth,10000.0,False,0,16.73417542502284,3.0,0.170094,0.0,0.0,2609.0,3.450865,0.188957,3.158822,0.101604,368.0,1.987267,0.026397,1.736331,0.128842,0.094863,368.0,1.641315,2609.0,2.99148,1000.0,0.066283,1000.0,2.453812,73998,1728,2589,362,63,2589,89,362,3,1728,3.988346783632829e-08,0.01,0.0023613189166473833,0.14735770751436505,0.9952219399405423,3.2118055555555554,,,0.0005528501345075994,1.966358578203058
ACTIVSg10k,coarse,smooth,10000.0,True,0,56.62000790302409,3.0,0.195042,0.0,0.0,12357.0,14.867819,0.833733,13.586569,0.441474,960.0,5.174823,0.067009,4.532732,0.323645,0.249417,960.0,3.835586,12357.0,13.542787,1000.0,0.059689,1000.0,2.549472,73998,8618,12329,954,433,12329,68,954,3,8618,7.434362240409826e-12,0.01,0.0002846780223775028,0.21382661797180116,0.9919561278790832,4.130540728707357,,,,
ACTIVSg10k,coarse,piecewise,10000.0,False,-6,8.626841199991759,,,,,,,,,,,,,,,,,,,,,,,,73998,542,1009,404,25,999,130,404,3,542,7.43436227497943e-08,0.01,0.00016276201706911934,0.0961683687354928,0.965611733148445,2.011070110701107,,,,
ACTIVSg10k,coarse,piecewise,10000.0,True,-6,35.94611288595479,,,,,,,,,,,,,,,,,,,,,,,,73998,2770,5220,2248,226,4395,952,2248,3,2770,1.855914630912443e-307,0.01,7.1334259751685246e-40,0.12834866379225396,0.9971216081820474,3.2425992779783392,,,,
