case,variant,trials,wall_min_s,wall_median_s,wall_max_s,complete_median_s,steps,residual_evals,jacobian_evals,linear_setups,integrator_envelope_s,residual_s,jacobian_s,klu_setup_s,klu_solve_s,ida_internal_s,state_update_s,monitor_print_s
texas,baseline,5,7.09,7.55,11.28,7.485960,2156,2938,162,162,5.383679,2.321467,0.529690,0.326598,1.093850,1.126153,0.380984,1.716957
texas,devnull,5,6.32,7.37,8.45,7.302610,2156,2938,162,162,5.375935,2.395590,0.538789,0.321742,1.056740,1.063601,0.382662,1.471810
texas,sinkless,5,4.95,5.83,6.40,5.586960,2156,2938,162,162,5.277202,2.324393,0.501885,0.324327,1.046730,1.073265,0.342195,0.000209
texas,no-monitors,5,4.45,5.28,5.89,5.236050,2156,2938,162,162,5.203943,2.309361,0.514408,0.323356,1.025810,1.031008,0.000237,0.000000
texas,one-fault-no-monitors,3,4.16,4.33,4.40,4.227280,2026,2851,176,176,4.258760,1.791232,0.459037,0.332824,0.871213,0.787045,0.000213,0.000000
wecc,baseline,3,0.70,0.72,0.73,0.713474,1668,2067,86,86,0.327727,0.123533,0.028072,0.013554,0.053554,0.106904,0.039162,0.337020
wecc,devnull,3,0.56,0.60,0.60,0.575412,1668,2067,86,86,0.320630,0.118084,0.030651,0.013623,0.052706,0.104241,0.032429,0.221194
wecc,sinkless,3,0.34,0.34,0.35,0.329178,1668,2067,86,86,0.300820,0.113811,0.029013,0.013042,0.049787,0.094298,0.025994,0.000103
wecc,no-monitors,3,0.31,0.33,0.33,0.315989,1668,2067,86,86,0.316550,0.119552,0.029995,0.014279,0.050666,0.098619,0.000027,0.000000
